group,matrix_count,source_or_meaning,normalized_kind_counts,dimension_min,dimension_max,size_profile,shape_counts,structure_counts,entry_type_counts,known_positive_definite,assessment,categorical_diversity_score,source_url
ACUSIM,1,"Computational fluid dynamics matrices from ACUSIM, Inc.",computational fluid dynamics problem (1),14822,14822,one dimension,square (1),symmetric (1),real (1),1,singleton; one dimension,0.0,https://sparse.tamu.edu/ACUSIM
AG-Monien,32,"AG-Monien Graph Collection, Ralf Diekmann and Robert Preis",2D/3D problem (26); undirected graph (6),224,1048576,wide (>100×),square (32),symmetric (32),binary (32),0,some categorical mix; wide (>100×),0.03125,https://sparse.tamu.edu/AG-Monien
AMD,2,"Circuit simulation matrices from Ufuk Okuyucu, AMD, Inc.",circuit simulation problem (2),150102,1585478,moderate (4–100×),square (2),symmetric (2),real (2),2,small; uniform observed types; moderate (4–100×),0.0,https://sparse.tamu.edu/AMD
ANSYS,3,Underdetermined systems needing well-conditioned bases to be found.,least squares problem (3),887058,1823928,narrow (≤4×),rectangular (3),rectangular (3),real (3),0,small; uniform observed types; narrow (≤4×),0.0,https://sparse.tamu.edu/ANSYS
ATandT,4,"Frequency domain analysis of large nonlinear analog circuits, AT&T.",frequency-domain circuit simulation problem (4),36057,659033,moderate (4–100×),square (4),unsymmetric (4),real (4),0,small; uniform observed types; moderate (4–100×),0.0,https://sparse.tamu.edu/ATandT
Alemdar,1,"A finite-element matrix from Bulent Alemdar, RAM International.",2D/3D problem (1),6245,6245,one dimension,square (1),symmetric (1),integer (1),0,singleton; one dimension,0.0,https://sparse.tamu.edu/Alemdar
Andrews,1,"Large eigenvalue problem from Stuart Andrews, Brown University, Rhode Island.",computer graphics/vision problem (1),60000,60000,one dimension,square (1),symmetric (1),integer (1),1,singleton; one dimension,0.0,https://sparse.tamu.edu/Andrews
Andrianov,16,"Matrices from Alexander Andrianov, SAS Institute Inc.",optimization problem (16),5026,534388,wide (>100×),square (16),symmetric (16),binary (16),0,categorically uniform; wide (>100×),0.0,https://sparse.tamu.edu/Andrianov
Arenas,4,"Networks from Alex Arenas, Univeristy Rovira i Virgili, Tarragona, Spain",undirected multigraph (3); undirected graph (1),198,10680,moderate (4–100×),square (4),symmetric (4),integer (3); binary (1),0,small; observed mix; moderate (4–100×),0.083333,https://sparse.tamu.edu/Arenas
Averous,4,"Matrices from David Averous, Institut National Polytechnique de Toulouse (INPT).",thermal problem (4),1794,84617,moderate (4–100×),square (4),unsymmetric (4),real (4),0,small; uniform observed types; moderate (4–100×),0.0,https://sparse.tamu.edu/Averous
Bai,78,"Matrices from Z. Bai, D. Day, J. Demmel, and J. Dongarra.",computational fluid dynamics problem (31); electromagnetics problem (26); 2D/3D problem (8); statistical/mathematical problem (4); power network problem (3); chemical process simulation problem (2); materials problem (2); robotics problem (2),62,23560,wide (>100×),square (78),unsymmetric (66); symmetric (11); Hermitian (1),real (70); complex (6); integer (2),4,high categorical mix; wide (>100×),0.245726,https://sparse.tamu.edu/Bai
Barabasi,3,"Notre Dame networks, A. Barabasi.",bipartite graph (1); directed graph (1); undirected graph (1),2114,392400,wide (>100×),square (2); rectangular (1),rectangular (1); symmetric (1); unsymmetric (1),binary (3),0,small; observed mix; wide (>100×),0.388889,https://sparse.tamu.edu/Barabasi
Bates,3,"Statistical matrices, D. Bates, Univ. Wisconsin",statistical/mathematical problem (2); least squares problem (1),2541,1748122,wide (>100×),rectangular (2); square (1),rectangular (2); symmetric (1),real (2); binary (1),1,small; observed mix; wide (>100×),0.333333,https://sparse.tamu.edu/Bates
Belcastro,3,"Gene networks from V. Belcastro, TIGEM, Naples, Italy",undirected weighted graph (3),14340,45101,narrow (≤4×),square (3),symmetric (3),real (3),0,small; uniform observed types; narrow (≤4×),0.0,https://sparse.tamu.edu/Belcastro
BenElechi,1,"Matrix from S. Ben Elechi, Arcelor, Inc. with many sparse right-hand sides.",2D/3D problem (1),245874,245874,one dimension,square (1),symmetric (1),real (1),1,singleton; one dimension,0.0,https://sparse.tamu.edu/BenElechi
Bindel,6,"Coupled linear thermoeslasticity equations. D Bindel, UC Berkeley",thermal problem (6),10605,10605,one dimension,square (6),unsymmetric (4); symmetric (2),real (4); complex (2),2,high categorical mix; one dimension,0.222222,https://sparse.tamu.edu/Bindel
Bodendiek,5,"Curl-Curl operator of 2nd order Maxwell's equations, A. Bodendiek",model reduction problem (5),11083,2380515,wide (>100×),square (5),symmetric (5),real (5),0,categorically uniform; wide (>100×),0.0,https://sparse.tamu.edu/Bodendiek
Boeing,32,"Structural engineering matrices from Roger Grimes, Boeing.",structural problem (24); materials problem (8),588,217918,wide (>100×),square (32),symmetric (32),real (27); binary (5),15,high categorical mix; wide (>100×),0.161458,https://sparse.tamu.edu/Boeing
Bomhof,4,"Matrices from circuit simulation problems. Wim Bomhof, Univ. Utrecht.",circuit simulation problem (4),2624,80209,moderate (4–100×),square (4),unsymmetric (4),real (4),0,small; uniform observed types; moderate (4–100×),0.0,https://sparse.tamu.edu/Bomhof
Botonakis,6,"FEM thermal/mechanical problems from Ioannis Botonakis, Germany.",thermal problem (6),17880,204316,moderate (4–100×),square (6),symmetric (3); unsymmetric (3),real (6),3,high categorical mix; moderate (4–100×),0.25,https://sparse.tamu.edu/Botonakis
Bourchtein,4,Atmospheric modeling problems from Andrei Bourchtein,computational fluid dynamics problem (4),1270432,1489752,narrow (≤4×),square (4),unsymmetric (4),real (3); integer (1),0,small; observed mix; narrow (≤4×),0.041667,https://sparse.tamu.edu/Bourchtein
Bova,1,"Model of Charleston Harbor. Steve Bova, Nichols Research Corporation.",computational fluid dynamics problem (1),46835,46835,one dimension,square (1),unsymmetric (1),real (1),0,singleton; one dimension,0.0,https://sparse.tamu.edu/Bova
Brethour,2,"Numerical simulation of coating flows, from Jim Brethour.",computational fluid dynamics problem (2),1348,9540,moderate (4–100×),square (2),unsymmetric (2),real (2),0,small; uniform observed types; moderate (4–100×),0.0,https://sparse.tamu.edu/Brethour
Brogan,1,"specular surface reconstruction problem, Submitted by Joel Brogan, Notre Dame, July 2014",computer vision problem (1),477976,477976,one dimension,rectangular (1),rectangular (1),real (1),0,singleton; one dimension,0.0,https://sparse.tamu.edu/Brogan
Brunetiere,1,A matrix from Noel Brunetiere. Finite-element discretization of thermal problem.,thermal problem (1),3456,3456,one dimension,square (1),unsymmetric (1),real (1),0,singleton; one dimension,0.0,https://sparse.tamu.edu/Brunetiere
Buss,2,"Website recommendation system, Steven Buss, Univ. Florida",undirected bipartite graph (2),394792,872622,narrow (≤4×),rectangular (2),rectangular (2),binary (2),0,small; uniform observed types; narrow (≤4×),0.0,https://sparse.tamu.edu/Buss
Bydder,2,"MRI reconstruction matrices from Mark Bydder, UCSD.",computer graphics/vision problem (2),147456,147456,one dimension,rectangular (2),rectangular (2),real (2),0,small; uniform observed types; one dimension,0.0,https://sparse.tamu.edu/Bydder
CEMW,4,"Electromagnetic problems from D. Isaak, Computational_EM_Works",electromagnetics problem (4),93476,921632,moderate (4–100×),square (4),unsymmetric (3); symmetric (1),real (2); complex (1); integer (1),1,small; observed mix; moderate (4–100×),0.25,https://sparse.tamu.edu/CEMW
CPM,9,"Closest Point Method, Yujia Chen, Andy Wathen, Shengxin Zhu",2D/3D problem (9),148,40948,wide (>100×),square (9),unsymmetric (9),real (9),0,categorically uniform; wide (>100×),0.0,https://sparse.tamu.edu/CPM
Cannizzo,1,Structural engineering matrix (finite-element) from Fabio Cannizzo.,structural problem (1),4098,4098,one dimension,square (1),symmetric (1),real (1),1,singleton; one dimension,0.0,https://sparse.tamu.edu/Cannizzo
Castrillon,1,"Counter-example matrix (denormal in A+alpha*I), J. Castrillon, Teledyne",counter-example problem (1),89400,89400,one dimension,square (1),symmetric (1),real (1),1,singleton; one dimension,0.0,https://sparse.tamu.edu/Castrillon
Chen,14,"Finite element matrices from Pu Chen, Peking University.",structural problem (14),10800,151926,moderate (4–100×),square (14),symmetric (14),binary (14),0,categorically uniform; moderate (4–100×),0.0,https://sparse.tamu.edu/Chen
Chevron,4,"2D Helmholtz; Temporal freq. domain seismic modeling. J. Washbourne, Chevron",2D/3D problem (4),37365,711450,moderate (4–100×),square (4),unsymmetric (4),complex (4),0,small; uniform observed types; moderate (4–100×),0.0,https://sparse.tamu.edu/Chevron
Clark,1,"Tomographic reconstruction of a particle field in fluid flow, T. Clark",computer graphics/vision problem (1),73159,73159,one dimension,rectangular (1),rectangular (1),real (1),0,singleton; one dimension,0.0,https://sparse.tamu.edu/Clark
Cote,2,"Vibroacoustic matrices from Andre Cote, Univ. Sherbrooke, Quebec.",acoustics problem (2),5962,12328,narrow (≤4×),square (2),symmetric (2),complex (1); real (1),0,small; observed mix; narrow (≤4×),0.166667,https://sparse.tamu.edu/Cote
Cunningham,4,"Finite element matrices from Andrew Cunningham, Vibro-Acoustic Sciences, Inc.",acoustics problem (4),11107,66127,moderate (4–100×),square (4),symmetric (3); unsymmetric (1),real (4),1,small; observed mix; moderate (4–100×),0.125,https://sparse.tamu.edu/Cunningham
Cylshell,7,"Finite element analysis of cylindrical shells, R. Kouhia, Helsinki.",structural problem (7),5357,5489,narrow (≤4×),square (7),symmetric (7),real (7),7,categorically uniform; narrow (≤4×),0.0,https://sparse.tamu.edu/Cylshell
DIMACS10,151,10th DIMACS Implementation Challenge,undirected graph (67); undirected weighted graph (50); random unweighted graph (15); undirected random graph (10); undirected multigraph (6); random undirected graph (3),39,50912018,wide (>100×),square (151),symmetric (151),binary (95); integer (56),0,some categorical mix; wide (>100×),0.154525,https://sparse.tamu.edu/DIMACS10
DNVS,15,"Positive definite matrices from Christian Damhaug, DNV Software.",structural problem (15),18010,224617,moderate (4–100×),square (15),symmetric (15),real (8); binary (7),8,some categorical mix; moderate (4–100×),0.155556,https://sparse.tamu.edu/DNVS
DRIVCAV,26,"Driven cavity, finite element matrices from Yousef Saad (SPARSKIT2 collection).",computational fluid dynamics problem (26),317,4562,moderate (4–100×),square (26),unsymmetric (26),real (26),0,some categorical mix; moderate (4–100×),0.025641,https://sparse.tamu.edu/DRIVCAV
Dattorro,3,"Dattorro Convex Optimization of Eternity II, Jon Dattoro",optimization problem (3),150638,262144,narrow (≤4×),rectangular (3),rectangular (3),integer (3),0,small; uniform observed types; narrow (≤4×),0.0,https://sparse.tamu.edu/Dattorro
Davis,1,"Analysis of the MATLAB FileExchange, March 2010",term/document graph (1),9498,9498,one dimension,rectangular (1),rectangular (1),integer (1),0,singleton; one dimension,0.0,https://sparse.tamu.edu/Davis
Dehghani,1,"Light transport in soft tissue, Hamid Dehghani, Univ. of Exeter, UK",electromagnetics problem (1),29282,29282,one dimension,square (1),unsymmetric (1),complex (1),0,singleton; one dimension,0.0,https://sparse.tamu.edu/Dehghani
Dziekonski,5,High order vector finite element method in electromagnetics,electromagnetics problem (5),420408,1157456,narrow (≤4×),square (5),symmetric (5),real (3); complex (2),0,some categorical mix; narrow (≤4×),0.133333,https://sparse.tamu.edu/Dziekonski
Embree,1,"Fluid stability problem from IFISS package, Mark Embree, Virginia Tech",computational fluid dynamics (1),96307,96307,one dimension,square (1),unsymmetric (1),real (1),0,singleton; one dimension,0.0,https://sparse.tamu.edu/Embree
Engwirda,1,Unstructured 2D mesh (an airfoil) from Darren Engwirda.,computational fluid dynamics problem (1),14214,14214,one dimension,square (1),unsymmetric (1),real (1),0,singleton; one dimension,0.0,https://sparse.tamu.edu/Engwirda
FEMLAB,9,"Test matrices from FEMLAB, a finite-element method toolbox for MATLAB.",computational fluid dynamics problem (4); structural problem (3); 2D/3D problem (1); electromagnetics problem (1),367,85623,wide (>100×),square (9),unsymmetric (9),real (8); complex (1),0,high categorical mix; wide (>100×),0.185185,https://sparse.tamu.edu/FEMLAB
FIDAP,35,"Fluid dynamics, finite element matrices from Yousef Saad (SPARSKIT2 collection).",computational fluid dynamics problem (35),27,19716,wide (>100×),square (35),unsymmetric (22); symmetric (13),real (35),8,high categorical mix; wide (>100×),0.161905,https://sparse.tamu.edu/FIDAP
FlowIPM22,11,FlowIPM22: Laplacians from Newton-Steps of Maxflow Short-step IPM on Chimera Graphs,undirected weighted graph (11),100000,72180402,wide (>100×),square (11),symmetric (11),real (11),4,some categorical mix; wide (>100×),0.060606,https://sparse.tamu.edu/FlowIPM22
Fluorem,5,"CFD matrices from Francois Pacull, FLUOREM, in Lyon, France",computational fluid dynamics problem (5),903,2017169,wide (>100×),square (5),unsymmetric (5),real (5),0,categorically uniform; wide (>100×),0.0,https://sparse.tamu.edu/Fluorem
FreeFieldTechnologies,1,"3D vibro-acoustic problem, aircraft engine nacelle, from M. Gontier",acoustics problem (1),169410,169410,one dimension,square (1),unsymmetric (1),complex (1),0,singleton; one dimension,0.0,https://sparse.tamu.edu/FreeFieldTechnologies
Freescale,8,"Circuit simulation matrices K. Gullapalli, Freescale Semiconductor",circuit simulation problem (7); circuit simulation matrix (1),178866,5558326,moderate (4–100×),square (8),unsymmetric (8),real (8),0,some categorical mix; moderate (4–100×),0.020833,https://sparse.tamu.edu/Freescale
GAP,5,"GAP Benchmark matrices: Scott Beamer, Krste Asanovic', and David Patterson.",directed weighted graph (3); random undirected weighted graph (2),23947347,134217728,moderate (4–100×),square (5),symmetric (3); unsymmetric (2),integer (5),0,high categorical mix; moderate (4–100×),0.2,https://sparse.tamu.edu/GAP
GHS_indef,60,"Indefinite matrices collected by Nick Gould, Yifan Hu, and Jennifer Scott.",optimization problem (30); 2D/3D problem (17); computational fluid dynamics problem (4); materials problem (4); structural problem (3); statistical/mathematical problem (2),3002,466316,wide (>100×),square (60),symmetric (60),real (57); integer (3),1,some categorical mix; wide (>100×),0.097222,https://sparse.tamu.edu/GHS_indef
GHS_psdef,32,"Positive definite matrices collected by Nick Gould, Yifan Hu, & Jennifer Scott.",structural problem (19); optimization problem (8); computational fluid dynamics problem (3); random 2D/3D problem (2),15449,952203,moderate (4–100×),square (32),symmetric (32),real (22); binary (10),22,high categorical mix; moderate (4–100×),0.177083,https://sparse.tamu.edu/GHS_psdef
Gaertner,3,"Matrices from Dr. Klaus Gaertner, Weierstrass Institute Berlin.",directed weighted graph (2); undirected weighted graph (1),10774,13209,narrow (≤4×),square (3),unsymmetric (2); symmetric (1),integer (3),0,small; observed mix; narrow (≤4×),0.166667,https://sparse.tamu.edu/Gaertner
Garon,2,"Matrices from Andre Garon, Univ. of Montreal. 2D Navier-Stokes.",computational fluid dynamics problem (2),3175,13535,moderate (4–100×),square (2),unsymmetric (2),real (2),0,small; uniform observed types; moderate (4–100×),0.0,https://sparse.tamu.edu/Garon
GenBank,5,Protein k-mer graphs generated using data from GenBank,undirected graph (5),55042369,214005017,narrow (≤4×),square (5),symmetric (5),binary (5),0,categorically uniform; narrow (≤4×),0.0,https://sparse.tamu.edu/GenBank
Gleich,10,"Web matrices and wikipedia matrices from David Gleich, Stanford.",directed graph (7); undirected graph (3),2642,9845725,wide (>100×),square (10),unsymmetric (7); symmetric (3),binary (10),0,high categorical mix; wide (>100×),0.15,https://sparse.tamu.edu/Gleich
Goodwin,12,Fluid mechanics matrices from Ralph Goodwin,computational fluid dynamics (10); computational fluid dynamics problem (2),1182,178437,wide (>100×),square (12),unsymmetric (12),real (12),0,some categorical mix; wide (>100×),0.027778,https://sparse.tamu.edu/Goodwin
Graham,1,"Finite element matrix from Dave Graham, Univ. of Illinois.",computational fluid dynamics problem (1),9035,9035,one dimension,square (1),unsymmetric (1),real (1),0,singleton; one dimension,0.0,https://sparse.tamu.edu/Graham
Grueninger,2,"Wind tunnel evaporation, Christoph Grueninger, Univ. Stuttgart",computational fluid dynamics problem (2),8256,40816,moderate (4–100×),square (2),unsymmetric (2),real (2),0,small; uniform observed types; moderate (4–100×),0.0,https://sparse.tamu.edu/Grueninger
Grund,22,"Matrices from Friedrich Grund, WIAS Berlin. Chemical process simulation.",chemical process simulation problem (16); economic problem (4); circuit simulation problem (2),7,57735,wide (>100×),square (22),unsymmetric (21); symmetric (1),real (22),0,some categorical mix; wide (>100×),0.068182,https://sparse.tamu.edu/Grund
Gset,67,"Random graphs from Yinyu Ye, Univ. of Iowa.",undirected random graph (34); undirected weighted random graph (33),800,10000,moderate (4–100×),square (67),symmetric (67),binary (34); integer (33),0,some categorical mix; moderate (4–100×),0.166667,https://sparse.tamu.edu/Gset
Guettel,3,"3D Transient Electromagnetic Modelleing, Stefan Guettel, Univ Manchester",electromagnetics problem (3),27623,181302,moderate (4–100×),square (3),symmetric (3),real (3),0,small; uniform observed types; moderate (4–100×),0.0,https://sparse.tamu.edu/Guettel
Gupta,3,"Linear programming matrices from Anshul Gupta, IBM T. J. Watson Research Center.",optimization problem (3),16783,62064,narrow (≤4×),square (3),symmetric (3),binary (3),0,small; uniform observed types; narrow (≤4×),0.0,https://sparse.tamu.edu/Gupta
HB,292,"The original Harwell-Boeing collection. Iain Duff, Roger Grimes, and John Lewis.",structural problem (121); 2D/3D problem (36); computational fluid dynamics problem (27); power network problem (18); optimization problem (17); chemical process simulation problem (16); economic problem (14); thermal problem (12); least squares problem (11); directed weighted graph (8); acoustics problem (4); counter-example problem (3); semiconductor device problem (2); directed graph (1); materials problem (1); statistical/mathematical problem (1),9,44609,wide (>100×),square (276); rectangular (16),symmetric (169); unsymmetric (105); rectangular (16); skew-symmetric (2),real (170); binary (112); integer (7); complex (3),60,high categorical mix; wide (>100×),0.352169,https://sparse.tamu.edu/HB
HVDC,2,"Power simulation matrices from Alex Wang, Manitoba HVDC, Canada.",power network problem (2),24842,189860,moderate (4–100×),square (2),unsymmetric (2),real (2),0,small; uniform observed types; moderate (4–100×),0.0,https://sparse.tamu.edu/HVDC
Hamm,6,"Semiconductor simulation matrices from Steve Hamm, Motorola, Inc.",circuit simulation problem (6),2395,170998,moderate (4–100×),square (6),unsymmetric (6),real (6),0,some categorical mix; moderate (4–100×),0.055556,https://sparse.tamu.edu/Hamm
Hamrle,3,"Circuit simulation matrices from Jaroslav Hamrle, RIKEN, Japan.",circuit simulation problem (3),32,1447360,wide (>100×),square (3),unsymmetric (3),real (3),0,small; uniform observed types; wide (>100×),0.0,https://sparse.tamu.edu/Hamrle
Hardesty,3,"Surface fitting problem for visualization, Sean Hardesty",computer graphics/vision problem (3),929901,8217820,moderate (4–100×),rectangular (2); square (1),rectangular (2); symmetric (1),real (2); integer (1),0,small; observed mix; moderate (4–100×),0.222222,https://sparse.tamu.edu/Hardesty
Harvard_Seismology,1,"Earth's crust underneath Japan, Harvard Seismology Group.",tomography problem (1),87616,87616,one dimension,rectangular (1),rectangular (1),real (1),0,singleton; one dimension,0.0,https://sparse.tamu.edu/Harvard_Seismology
Hohn,6,"Single-material crack problem, Michael Hohn, Univ. of Utah.",materials problem (6),7500,16428,narrow (≤4×),square (6),unsymmetric (6),real (6),0,some categorical mix; narrow (≤4×),0.027778,https://sparse.tamu.edu/Hohn
Hollinger,49,"Economic models from Peter Holinger, Intex Solutions, Inc.",economic problem (49),2880,64089,moderate (4–100×),square (49),unsymmetric (49),real (49),0,categorically uniform; moderate (4–100×),0.0,https://sparse.tamu.edu/Hollinger
IBM_Austin,1,"Circuit simulation matrix from Emrah Acar, IBM Austin. High degree of coupling.",circuit simulation problem (1),11341,11341,one dimension,square (1),unsymmetric (1),real (1),0,singleton; one dimension,0.0,https://sparse.tamu.edu/IBM_Austin
IBM_EDA,7,"Circuit simulation matrices from Tim Lehner, IBM EDA.",circuit simulation problem (7),49702,116835,narrow (≤4×),square (7),unsymmetric (7),real (7),0,some categorical mix; narrow (≤4×),0.095238,https://sparse.tamu.edu/IBM_EDA
INPRO,1,"Parasol matrices, collected by Jacko Koster",structural problem (1),415863,415863,one dimension,square (1),symmetric (1),real (1),1,singleton; one dimension,0.0,https://sparse.tamu.edu/INPRO
IPSO,7,"Power simulation matrices, Li Peijie, Inst. of Power Systems, Guangxi Univ.",power network problem (7),8140,226340,moderate (4–100×),square (7),symmetric (7),real (7),0,categorically uniform; moderate (4–100×),0.0,https://sparse.tamu.edu/IPSO
JGD_BIBD,21,"Balanced Incomplete Block Design from Mark Giesbrecht, Univ. of Waterloo",combinatorial problem (21),84,319770,wide (>100×),rectangular (20); square (1),rectangular (20); symmetric (1),binary (21),1,categorically uniform; wide (>100×),0.031746,https://sparse.tamu.edu/JGD_BIBD
JGD_CAG,3,"CAG matrix set from Michael Monagan, Simon Fraser Univ., Canada",combinatorial problem (3),72,1916,moderate (4–100×),square (3),unsymmetric (3),integer (3),0,small; uniform observed types; moderate (4–100×),0.0,https://sparse.tamu.edu/JGD_CAG
JGD_Forest,10,Forests and Trees from Nicolas Thiery,combinatorial problem (10),107,317955,wide (>100×),rectangular (10),rectangular (10),integer (10),0,categorically uniform; wide (>100×),0.0,https://sparse.tamu.edu/JGD_Forest
JGD_Franz,11,"Cohomology of various rings, from Matthias Franz, Univ. Konstanz, Germany",combinatorial problem (11),2240,47104,moderate (4–100×),rectangular (11),rectangular (11),integer (11),0,categorically uniform; moderate (4–100×),0.0,https://sparse.tamu.edu/JGD_Franz
JGD_G5,13,"Decomposable subspaces at degree d of the invariant ring of G5, Nicolas Thiery.",combinatorial problem (13),77,47894,wide (>100×),rectangular (13),rectangular (13),integer (13),0,categorically uniform; wide (>100×),0.0,https://sparse.tamu.edu/JGD_G5
JGD_GL6,5,"Differentials of the Voronoi complex of perfect forms of rank 6 mod GL_6(Z), from Philippe Elbaz-Vincent, Institut Fourier,…",combinatorial problem (5),341,637,narrow (≤4×),rectangular (5),rectangular (5),integer (5),0,categorically uniform; narrow (≤4×),0.0,https://sparse.tamu.edu/JGD_GL6
JGD_GL7d,17,Differentials of the Voronoi complex of perfect forms of rank 7 mod GL_7(Z),combinatorial problem (17),60,1955309,wide (>100×),rectangular (17),rectangular (17),integer (17),0,categorically uniform; wide (>100×),0.0,https://sparse.tamu.edu/JGD_GL7d
JGD_Groebner,8,"Gro""bner basis from Jean-Charles Fauge`res, From Jean-Guillaume Dumas' Sparse Integer Matrix Collection,",combinatorial problem (8),404,5761,moderate (4–100×),rectangular (8),rectangular (8),integer (7); binary (1),0,some categorical mix; moderate (4–100×),0.020833,https://sparse.tamu.edu/JGD_Groebner
JGD_Homology,128,Simplicial complexes from Homology from Volkmar Welker.,combinatorial problem (128),15,564480,wide (>100×),rectangular (122); square (6),rectangular (122); unsymmetric (6),integer (128),0,categorically uniform; wide (>100×),0.023438,https://sparse.tamu.edu/JGD_Homology
JGD_Kocay,12,"Brute force disjoint product matrices in tree algebra on n nodes, Nicolas Thiery",combinatorial problem (12),2,15905,wide (>100×),rectangular (12),rectangular (12),integer (11); binary (1),0,categorically uniform; wide (>100×),0.013889,https://sparse.tamu.edu/JGD_Kocay
JGD_Margulies,23,"Combinatorial optimization as polynomial eqns, Susan Margulies, UC Davis",combinatorial problem (23),25,902103,wide (>100×),rectangular (22); square (1),rectangular (22); unsymmetric (1),binary (23),0,categorically uniform; wide (>100×),0.021739,https://sparse.tamu.edu/JGD_Margulies
JGD_Relat,15,"Relations from Florent Hiver, Univ. Paris-Est Marne-La-Valle'e",combinatorial problem (15),12,12360060,wide (>100×),rectangular (15),rectangular (15),integer (15),0,categorically uniform; wide (>100×),0.0,https://sparse.tamu.edu/JGD_Relat
JGD_SL6,7,Differentials of the Voronoi complex of perfect forms,combinatorial problem (7),434,1271,narrow (≤4×),rectangular (7),rectangular (7),integer (7),0,categorically uniform; narrow (≤4×),0.0,https://sparse.tamu.edu/JGD_SL6
JGD_SPG,7,"Symmetric powers of graphs from Gordon Royle, Univ Western Australia",combinatorial problem (7),300,6545,moderate (4–100×),square (7),symmetric (6); unsymmetric (1),binary (6); integer (1),0,high categorical mix; moderate (4–100×),0.071429,https://sparse.tamu.edu/JGD_SPG
JGD_Taha,2,"Taha matrix set from Abdul Salam Jarrah, New Mexico State Univ.",combinatorial problem (2),14596,37932,narrow (≤4×),rectangular (2),rectangular (2),integer (2),0,small; uniform observed types; narrow (≤4×),0.0,https://sparse.tamu.edu/JGD_Taha
JGD_Trefethen,11,"Diagonal matrices with primes, Nick Trefethen, Oxford Univ.",combinatorial problem (11),19,20000,wide (>100×),square (11),symmetric (11),integer (11),11,categorically uniform; wide (>100×),0.0,https://sparse.tamu.edu/JGD_Trefethen
Janna,18,Finite element simulations: gas reservoir and structural problems. Univ Padova.,structural problem (14); 2D/3D problem (3); computational fluid dynamics problem (1),377002,4147110,moderate (4–100×),square (18),symmetric (14); unsymmetric (4),real (18),10,high categorical mix; moderate (4–100×),0.185185,https://sparse.tamu.edu/Janna
Kamvar,2,"Web matrices from Sep Kamvar, Stanford University.",directed graph (2),281903,683446,narrow (≤4×),square (2),unsymmetric (2),binary (2),0,small; uniform observed types; narrow (≤4×),0.0,https://sparse.tamu.edu/Kamvar
Kemelmacher,1,"Computer vision problem from Ira Kemelmacher, Weizmann Inst., Israel.",computer graphics/vision problem (1),28452,28452,one dimension,rectangular (1),rectangular (1),real (1),0,singleton; one dimension,0.0,https://sparse.tamu.edu/Kemelmacher
Kim,2,"2D complex meshes, from Wonsik Kim, Korea.",2D/3D problem (2),38415,456976,moderate (4–100×),square (2),unsymmetric (2),complex (2),0,small; uniform observed types; moderate (4–100×),0.0,https://sparse.tamu.edu/Kim
Koutsovasilis,2,"Symmetric indefinite matrix from P. Koutsovasilis, Tech. Univ. Dresden",structural problem (2),71505,343791,moderate (4–100×),square (2),symmetric (2),real (2),0,small; uniform observed types; moderate (4–100×),0.0,https://sparse.tamu.edu/Koutsovasilis
LAW,15,"Laboratory for Web Algorithmics (LAW), Università degli Studi di Milano",directed graph (13); undirected graph (2),69244,118142155,wide (>100×),square (15),unsymmetric (13); symmetric (2),binary (15),0,high categorical mix; wide (>100×),0.066667,https://sparse.tamu.edu/LAW
LPnetlib,138,"NETLIB Linear Programming problems, www.netlib.org.",linear programming problem (138),13,243246,wide (>100×),rectangular (138),rectangular (138),real (108); integer (30),0,some categorical mix; wide (>100×),0.036232,https://sparse.tamu.edu/LPnetlib
Langemyr,1,"FEM structural mechanics matrix from Lars Langemyr, COMSOL.",structural problem (1),1500,1500,one dimension,square (1),unsymmetric (1),real (1),0,singleton; one dimension,0.0,https://sparse.tamu.edu/Langemyr
LeGresley,3,Power flow analyses of electrical grids.,power network problem (3),2508,87936,moderate (4–100×),square (3),unsymmetric (3),real (3),0,small; uniform observed types; moderate (4–100×),0.0,https://sparse.tamu.edu/LeGresley
Lee,2,"FEM, Electromagnetics, Center for Computational Electromagnetics, UIUC",electromagnetics problem (2),74062,491100,moderate (4–100×),square (2),unsymmetric (2),complex (2),0,small; observed mix; moderate (4–100×),0.083333,https://sparse.tamu.edu/Lee
Li,2,"3D magnetohydrodynamics finite element matrix from Ben Li, Washington State Univ.",electromagnetics problem (2),22695,22695,one dimension,square (2),symmetric (1); unsymmetric (1),binary (1); real (1),0,small; observed mix; one dimension,0.333333,https://sparse.tamu.edu/Li
Lin,1,"Large sparse eigenvalue problem from Chun-hung (Martin) Lin. NCHC, Taiwan.",structural problem (1),256000,256000,one dimension,square (1),symmetric (1),real (1),0,singleton; one dimension,0.0,https://sparse.tamu.edu/Lin
LiuWenzhuo,1,"Power system simulation matrix from Wenzhou Liu, EPRI, China.",power network problem (1),15838,15838,one dimension,square (1),unsymmetric (1),real (1),0,singleton; one dimension,0.0,https://sparse.tamu.edu/LiuWenzhuo
Lourakis,1,"3D vision matrices, M. Lourakis, Foundation for Research & Technology - Hellas.",computer graphics/vision problem (1),10581,10581,one dimension,square (1),symmetric (1),real (1),1,singleton; one dimension,0.0,https://sparse.tamu.edu/Lourakis
Lucifora,2,"GSM cell traffic matrices from Salvatore Lucifora, Telecom Italia Mobile.",directed weighted graph (2),7055,7055,one dimension,square (2),unsymmetric (2),real (2),0,small; uniform observed types; one dimension,0.0,https://sparse.tamu.edu/Lucifora
Luong,2,"Photogrammetry problem from Bruno Luong, FOGALE nanotech, France.",computer graphics/vision problem (2),1388,4472,narrow (≤4×),rectangular (2),rectangular (2),real (2),0,small; uniform observed types; narrow (≤4×),0.0,https://sparse.tamu.edu/Luong
MAWI,5,MAWI Working Group Traffic Archive (http://mawi.wide.ad.jp/mawi/): The MAWI (Measurement and Analysis on the WIDE Internet)…,undirected weighted graph (5),18571154,226196185,moderate (4–100×),square (5),symmetric (5),integer (5),0,categorically uniform; moderate (4–100×),0.0,https://sparse.tamu.edu/MAWI
MKS,1,"2-D Fokker Planck equations, electron dynamics. Dan Smith, MKS Inst.",electromagnetics problem (1),7548,7548,one dimension,square (1),unsymmetric (1),real (1),0,singleton; one dimension,0.0,https://sparse.tamu.edu/MKS
ML_Graph,36,"ML_Graph: adjacency matrices from machine learning datasets, Olaf Schenk.",undirected weighted graph (36),106,38547,wide (>100×),square (36),symmetric (36),real (36),0,categorically uniform; wide (>100×),0.0,https://sparse.tamu.edu/ML_Graph
Mallya,18,"Chemical process simulation matrices, J. Mallya, S. Zitney, M. Stadtherr.",chemical process simulation problem (18),1477,70304,moderate (4–100×),square (18),unsymmetric (18),real (18),0,categorically uniform; moderate (4–100×),0.0,https://sparse.tamu.edu/Mallya
Mancktelow,1,"FEM viscoelastic behavior of rocks, Neil Mancktelow, ETH-Zentrum",materials problem (1),37762,37762,one dimension,square (1),unsymmetric (1),real (1),0,singleton; one dimension,0.0,https://sparse.tamu.edu/Mancktelow
Marini,1,"Economic Time Series, T. Di Fonzo (Univ Padua) and M. Marini, (ISTAT, Italy)",economic problem (1),7245,7245,one dimension,square (1),symmetric (1),real (1),0,singleton; one dimension,0.0,https://sparse.tamu.edu/Marini
Martin,1,Martin/marine1: chemical oceanography; a marine nitrogen cycle inverse model,chemical oceanography problem (1),400320,400320,one dimension,square (1),unsymmetric (1),real (1),0,singleton; one dimension,0.0,https://sparse.tamu.edu/Martin
MathWorks,11,"Matrices contributed by The Mathworks, Inc.",counter-example problem (6); structural problem (2); computer graphics/vision problem (1); directed graph (1); statistical/mathematical problem (1),102,12406,wide (>100×),square (9); rectangular (2),unsymmetric (7); rectangular (2); symmetric (2),real (10); binary (1),2,high categorical mix; wide (>100×),0.318182,https://sparse.tamu.edu/MathWorks
MaxPlanck,2,"Weather shallow water equations, Max-Planck Institute of Meteoroloy",computational fluid dynamics problem (2),81920,81920,one dimension,square (2),symmetric (2),real (2),2,small; uniform observed types; one dimension,0.0,https://sparse.tamu.edu/MaxPlanck
Mazaheri,1,"Sparse bundle adjustment problem from Mehdi Mazaheri, University of Calgary",computer vision problem (1),513351,513351,one dimension,square (1),symmetric (1),real (1),1,singleton; one dimension,0.0,https://sparse.tamu.edu/Mazaheri
McRae,2,"circuitscape: circuit theory applied to animal/gene flow. B. McRae, UCSB",2D/3D problem (2),999999,1000000,narrow (≤4×),square (2),symmetric (2),real (2),1,small; observed mix; narrow (≤4×),0.083333,https://sparse.tamu.edu/McRae
Meng,1,"Jacobian matrix from a computational chemistry problem, iChem, China'",computational chemistry problem (1),274087,274087,one dimension,square (1),unsymmetric (1),complex (1),0,singleton; one dimension,0.0,https://sparse.tamu.edu/Meng
Meszaros,166,Linear programming problems from C. Me'sza'ros,linear programming problem (166),16,1113780,wide (>100×),rectangular (165); square (1),rectangular (165); unsymmetric (1),real (107); integer (41); binary (18),0,some categorical mix; wide (>100×),0.087349,https://sparse.tamu.edu/Meszaros
Mittelmann,30,Linear programming problems from H. Mittelmann,linear programming problem (30),24460,1961394,moderate (4–100×),rectangular (30),rectangular (30),integer (20); real (10),0,some categorical mix; moderate (4–100×),0.055556,https://sparse.tamu.edu/Mittelmann
Moqri,1,"Document similarity graph for MIS articles, including metadata",undirected weighted graph (1),2427,2427,one dimension,square (1),symmetric (1),real (1),0,singleton; one dimension,0.0,https://sparse.tamu.edu/Moqri
Morandini,3,Multibody simulation problems from Marco Morandini.,structural problem (2); robotics problem (1),100,791,moderate (4–100×),square (3),unsymmetric (3),real (3),0,small; observed mix; moderate (4–100×),0.055556,https://sparse.tamu.edu/Morandini
Muite,4,"Ill-conditioned Chebyshev integration matrices from Benson Muite, Oxford.",structural problem (4),261,68121,wide (>100×),square (4),unsymmetric (4),real (4),0,small; uniform observed types; wide (>100×),0.0,https://sparse.tamu.edu/Muite
Mulvey,2,"Multistage stochastic financial modelling. J. Mulvey, Princeton.",economic problem (2),74752,74752,one dimension,square (2),symmetric (2),binary (1); real (1),1,small; observed mix; one dimension,0.25,https://sparse.tamu.edu/Mulvey
Mycielski,19,Mycielski graph adjacency matrices,undirected graph (19),2,786431,wide (>100×),square (19),symmetric (19),binary (19),0,categorically uniform; wide (>100×),0.0,https://sparse.tamu.edu/Mycielski
ND,4,ND problem set. 3D mesh problems.,2D/3D problem (4),9000,72000,moderate (4–100×),square (4),symmetric (4),real (4),4,small; uniform observed types; moderate (4–100×),0.0,https://sparse.tamu.edu/ND
NYPA,8,"Rank-deficient least squares problems. D. Maragal, New York Power Authority",least squares problem (8),32,75077,wide (>100×),rectangular (8),rectangular (8),real (8),0,categorically uniform; wide (>100×),0.0,https://sparse.tamu.edu/NYPA
Nasa,11,"NASA matrices obtained from Alex Pothen, ICASE and Old Dominion Univ.",structural problem (11),1824,54870,moderate (4–100×),square (11),symmetric (8); unsymmetric (3),binary (6); real (5),5,high categorical mix; moderate (4–100×),0.318182,https://sparse.tamu.edu/Nasa
Negre,1,"Negre: phenyl dendrimer density matrix, for graph partitioning",computational chemistry problem (1),730,730,one dimension,square (1),symmetric (1),real (1),0,singleton; one dimension,0.0,https://sparse.tamu.edu/Negre
Nemeth,26,"A set of matrices from Karoly Nemeth, theoretical chemistry.",theoretical/quantum chemistry problem (26),9506,9506,one dimension,square (26),symmetric (26),real (26),0,categorically uniform; one dimension,0.00641,https://sparse.tamu.edu/Nemeth
Newman,16,"Network graph collection from Mark Newman, University of Michigan",undirected weighted graph (7); undirected graph (6); directed multigraph (1); directed weighted graph (1); undirected multigraph (1),34,40421,wide (>100×),square (16),symmetric (14); unsymmetric (2),binary (6); real (6); integer (4),0,high categorical mix; wide (>100×),0.239583,https://sparse.tamu.edu/Newman
Norris,12,"Finite element modelling of human body parts. Stuart Norris, Univ. Aukland.",2D/3D problem (10); computational fluid dynamics problem (2),1650,259156,wide (>100×),square (12),unsymmetric (9); symmetric (3),real (12),3,high categorical mix; wide (>100×),0.194444,https://sparse.tamu.edu/Norris
Oberwolfach,38,Oberwolfach model reduction benchmark collection,model reduction problem (38),14,986703,wide (>100×),square (38),symmetric (33); unsymmetric (5),real (37); complex (1),13,high categorical mix; wide (>100×),0.153509,https://sparse.tamu.edu/Oberwolfach
Okunbor,2,Acoustic radiation around aft duct fan. Walter Eversman and Daniel Okunbor.,acoustics problem (2),8184,8205,narrow (≤4×),square (2),symmetric (1); unsymmetric (1),complex (1); real (1),1,small; observed mix; narrow (≤4×),0.333333,https://sparse.tamu.edu/Okunbor
PARSEC,21,"PARSEC matrices, density functional theory. Zhou, Saad, Tiago, Chelikowsky, UMN.",theoretical/quantum chemistry problem (21),769,268096,wide (>100×),square (21),symmetric (21),real (21),0,categorically uniform; wide (>100×),0.0,https://sparse.tamu.edu/PARSEC
POLYFLOW,2,"Parasol matrices, collected by Jacko Koster",computational fluid dynamics problem (2),29957,30412,narrow (≤4×),square (2),unsymmetric (2),real (2),0,small; observed mix; narrow (≤4×),0.083333,https://sparse.tamu.edu/POLYFLOW
Pajek,76,"Pajek data sets, V. Batagelj and A. Mrvar.",directed graph (28); undirected graph (13); directed multigraph (11); directed weighted graph (11); undirected weighted graph (7); bipartite graph (3); weighted bipartite graph (2); undirected multigraph (1),10,3774768,wide (>100×),square (71); rectangular (5),unsymmetric (49); symmetric (22); rectangular (5),binary (44); integer (28); real (4),1,high categorical mix; wide (>100×),0.333333,https://sparse.tamu.edu/Pajek
Pereyra,1,"From Victor Pereyra, Stanford University.",least squares problem (1),71952,71952,one dimension,rectangular (1),rectangular (1),real (1),0,singleton; one dimension,0.0,https://sparse.tamu.edu/Pereyra
Pothen,22,"Structrual engineering matrices from NASA, collected by Alex Pothen.",structural problem (22),48,94069,wide (>100×),square (22),symmetric (22),binary (12); real (10),10,some categorical mix; wide (>100×),0.151515,https://sparse.tamu.edu/Pothen
PowerSystem,1,Power system matrix,power network problem (1),197156,197156,one dimension,square (1),unsymmetric (1),real (1),0,singleton; one dimension,0.0,https://sparse.tamu.edu/PowerSystem
Precima,1,Precima: data analytics problem,data analytics problem (1),303813,303813,one dimension,square (1),symmetric (1),real (1),0,singleton; one dimension,0.0,https://sparse.tamu.edu/Precima
Priebel,6,"Quadratic sieve matrices from David Priebel, Tenn. Tech. Univ.",combinatorial problem (6),584,24430,moderate (4–100×),rectangular (6),rectangular (6),binary (6),0,categorically uniform; moderate (4–100×),0.0,https://sparse.tamu.edu/Priebel
Puri,4,ABAQUS benchmarks: pt.loaded fluid-filled shell. Srinivasan Puri,model reduction problem (4),23412,23412,one dimension,square (4),unsymmetric (4),complex (3); real (1),0,small; observed mix; one dimension,0.041667,https://sparse.tamu.edu/Puri
QCD,14,"Quantum Chromodynamics, B. Medeke, Univ. Wuppertal, Germany",theoretical/quantum chemistry problem (14),3072,49152,moderate (4–100×),square (14),unsymmetric (14),complex (14),0,categorically uniform; moderate (4–100×),0.0,https://sparse.tamu.edu/QCD
QLi,3,Mixed complementarity optimization problems from Qaun Li and Michael Ferris.,optimization problem (3),160000,440020,narrow (≤4×),square (3),unsymmetric (3),real (3),0,small; observed mix; narrow (≤4×),0.055556,https://sparse.tamu.edu/QLi
QY,2,"Transient stabilty constrained interior pt. optimal power flow, J. Quanyuan",power network problem (2),14454,40216,narrow (≤4×),square (2),symmetric (2),real (2),0,small; uniform observed types; narrow (≤4×),0.0,https://sparse.tamu.edu/QY
Qaplib,8,"Linear programming, lower bounds for quadratic assignment problem, M. Resende.",linear programming problem (8),225,379350,wide (>100×),rectangular (8),rectangular (8),integer (8),0,categorically uniform; wide (>100×),0.0,https://sparse.tamu.edu/Qaplib
Quaglino,2,"FEM discretization of a viscoplastic collision problem, Alessio Quaglino.",materials problem (2),4326,32769,moderate (4–100×),square (2),unsymmetric (2),real (2),0,small; uniform observed types; moderate (4–100×),0.0,https://sparse.tamu.edu/Quaglino
Rajat,32,Circuit simulation matrices from Rajat and Raj.,circuit simulation problem (32),135,4690002,wide (>100×),square (32),unsymmetric (26); symmetric (6),real (25); binary (7),0,high categorical mix; wide (>100×),0.135417,https://sparse.tamu.edu/Rajat
Raju,1,"3D laminar flow, M. Raju, Case Western Univ.",computational fluid dynamics problem (1),67173,67173,one dimension,square (1),unsymmetric (1),real (1),0,singleton; one dimension,0.0,https://sparse.tamu.edu/Raju
Rommes,35,"Power system models from Joost Rommes, Nelson Martins, Francisco Freitas",eigenvalue/model reduction problem (35),66,40366,wide (>100×),square (35),unsymmetric (35),real (35),0,some categorical mix; wide (>100×),0.07619,https://sparse.tamu.edu/Rommes
Ronis,2,"Crystalline compounds (zeolites,sodalites), D. Ronis, Univ. of McGill.",materials problem (2),48600,157464,narrow (≤4×),square (2),unsymmetric (2),real (2),0,small; uniform observed types; narrow (≤4×),0.0,https://sparse.tamu.edu/Ronis
Rost,1,"semiconductor device simulation, Johann Rost, Politechnia Univ., Bucharest.",semiconductor device problem (1),74104,74104,one dimension,square (1),unsymmetric (1),complex (1),0,singleton; one dimension,0.0,https://sparse.tamu.edu/Rost
Rothberg,6,"Structural engineering matrices from Ed Rothberg, Silicon Graphics, Inc.",computational fluid dynamics problem (3); structural problem (3),4350,153746,moderate (4–100×),square (6),symmetric (6),binary (4); real (2),2,high categorical mix; moderate (4–100×),0.194444,https://sparse.tamu.edu/Rothberg
Rucci,1,"ill-conditioned least-squares problem, A. Rucci",least squares problem (1),1977885,1977885,one dimension,rectangular (1),rectangular (1),real (1),0,singleton; one dimension,0.0,https://sparse.tamu.edu/Rucci
Rudnyi,1,"3D fluid flow: water in a tank. Evgenii Rudnyi, IMTEK",computational fluid dynamics problem (1),60740,60740,one dimension,square (1),unsymmetric (1),real (1),0,singleton; one dimension,0.0,https://sparse.tamu.edu/Rudnyi
SNAP,68,"Networks from SNAP (Stanford Network Analysis Platform) Network Data Sets, Jure Leskovec…",directed graph (30); undirected graph (14); directed temporal multigraph (8); undirected graph with communities (6); directed weighted graph (5); directed graph with communities (2); directed weighted temporal graph (2); directed weighted temporal multigraph (1),1005,65608366,wide (>100×),square (68),unsymmetric (47); symmetric (21),binary (53); integer (15),0,high categorical mix; wide (>100×),0.259804,https://sparse.tamu.edu/SNAP
Sandia,192,Circuit simulation matrices from Sandia National Laboratory.,circuit simulation problem (192),430,682862,wide (>100×),square (192),unsymmetric (192),real (192),0,categorically uniform; wide (>100×),0.019965,https://sparse.tamu.edu/Sandia
Sanghavi,1,"ECL32, a semiconductor device simulation matrix. Jagesh Sanghavi, UC Berkeley.",semiconductor device problem (1),51993,51993,one dimension,square (1),unsymmetric (1),real (1),0,singleton; one dimension,0.0,https://sparse.tamu.edu/Sanghavi
Schenk,5,"Symmetric indefinite KKT matrices, O. Schenk, Univ. of Basel, Switzerland",optimization problem (5),1062400,27993600,moderate (4–100×),square (5),symmetric (5),real (5),0,categorically uniform; moderate (4–100×),0.0,https://sparse.tamu.edu/Schenk
Schenk_AFE,16,"Sheet metal forming matrices, Olaf Schenk, Univ. of Basel.",structural problem (16),503625,1508065,narrow (≤4×),square (16),symmetric (16),real (16),10,some categorical mix; narrow (≤4×),0.145833,https://sparse.tamu.edu/Schenk_AFE
Schenk_IBMNA,52,"Non-linear optimization matrices, Olaf Schenk, Univ. of Basel.",optimization problem (52),2169,345241,wide (>100×),square (52),symmetric (52),real (52),0,some categorical mix; wide (>100×),0.028846,https://sparse.tamu.edu/Schenk_IBMNA
Schenk_IBMSDS,7,"Semiconductor device simulation matrices, Olaf Schenk, Univ. of Basel.",semiconductor device problem (7),27628,125329,moderate (4–100×),square (7),unsymmetric (7),real (7),0,categorically uniform; moderate (4–100×),0.0,https://sparse.tamu.edu/Schenk_IBMSDS
Schenk_ISEI,18,"Semiconductor device simulation matrices, Olaf Schenk, Univ. of Basel.",semiconductor device problem (18),10938,181343,moderate (4–100×),square (18),unsymmetric (18),real (18),0,some categorical mix; moderate (4–100×),0.064815,https://sparse.tamu.edu/Schenk_ISEI
Schmid,2,"Unstructured FEM, steady state thermal problem. D. Schmid, Univ. Oslo",thermal problem (2),82654,1228045,moderate (4–100×),square (2),symmetric (2),real (2),2,small; uniform observed types; moderate (4–100×),0.0,https://sparse.tamu.edu/Schmid
Schulthess,3,"Biochemical networks from Pascal Schulthess, Inst. Pathology, Berlin",biochemical network (3),1996,16559,moderate (4–100×),rectangular (3),rectangular (3),integer (3),0,small; uniform observed types; moderate (4–100×),0.0,https://sparse.tamu.edu/Schulthess
Shen,4,"Matrices from Kai Shen, UCSB (now at Univ. of Rochester, NY).",2D/3D problem (4),3432,18510,moderate (4–100×),square (4),unsymmetric (4),real (4),0,small; uniform observed types; moderate (4–100×),0.0,https://sparse.tamu.edu/Shen
Shyy,2,"Computational fluid dynamics, viscous flow, Wei Shyy, Univ. Florida.",computational fluid dynamics problem (2),4720,76480,moderate (4–100×),square (2),unsymmetric (2),real (2),0,small; uniform observed types; moderate (4–100×),0.0,https://sparse.tamu.edu/Shyy
Simon,12,"Structural engineering, computational fluid dynamics. Horst Simon.",computational fluid dynamics problem (7); structural problem (4); directed weighted random graph (1),3242,62424,moderate (4–100×),square (12),unsymmetric (10); symmetric (2),real (12),2,high categorical mix; moderate (4–100×),0.236111,https://sparse.tamu.edu/Simon
Sinclair,2,"3-D spectral-element elastic wave modelling in freq. domain, C. Sinclair, Univ. Adelaide, Australia.",materials problem (2),292008,680943,narrow (≤4×),square (2),Hermitian (2),complex (2),0,small; uniform observed types; narrow (≤4×),0.0,https://sparse.tamu.edu/Sinclair
Sorensen,1,Call graph of the Linux kernel.,directed weighted graph (1),324085,324085,one dimension,square (1),unsymmetric (1),integer (1),0,singleton; one dimension,0.0,https://sparse.tamu.edu/Sorensen
Springer,1,"Tim Springer, Solenix (www.solenix.ch), Navigation Support Office, OPS-GN (www.nng.esoc.de), European Space Operations…",least squares problem (1),327062,327062,one dimension,rectangular (1),rectangular (1),real (1),0,singleton; one dimension,0.0,https://sparse.tamu.edu/Springer
Stevenson,1,"Circuit optimization for digital circuits. John Peter Stevenson, Stanford.",circuit simulation problem (1),2111154,2111154,one dimension,rectangular (1),rectangular (1),real (1),0,singleton; one dimension,0.0,https://sparse.tamu.edu/Stevenson
Sumner,1,"A computer graphics problem from Bob Sumner, PhD student at MIT (as of 2003).",computer graphics/vision problem (1),29493,29493,one dimension,rectangular (1),rectangular (1),real (1),0,singleton; one dimension,0.0,https://sparse.tamu.edu/Sumner
Sybrandt,2,Sybrandt: machine learning graphs from document analysis,undirected graph (1); undirected weighted graph (1),30239687,183964077,moderate (4–100×),square (2),symmetric (2),binary (1); real (1),0,small; observed mix; moderate (4–100×),0.166667,https://sparse.tamu.edu/Sybrandt
Szczerba,1,"Ill-conditioned CFD matrix from D. Szczerba, ETH Computer Vision Lab, Zurich.",computational fluid dynamics problem (1),20896,20896,one dimension,square (1),unsymmetric (1),real (1),0,singleton; one dimension,0.0,https://sparse.tamu.edu/Szczerba
TAMU_SmartGridCenter,3,Texas A&M Smart Grid Center: synthetic (yet realistic) power system grids,power network problem (3),4000,69999,moderate (4–100×),square (3),unsymmetric (2); symmetric (1),real (3),0,small; observed mix; moderate (4–100×),0.111111,https://sparse.tamu.edu/TAMU_SmartGridCenter
TKK,12,"Matrices from Reijo Kouhia, Structural Mechanics, Helsinki Univ. of Technology",structural problem (12),1282,143571,wide (>100×),square (12),symmetric (10); unsymmetric (2),real (5); integer (4); binary (3),3,high categorical mix; wide (>100×),0.222222,https://sparse.tamu.edu/TKK
TOKAMAK,4,"TOKAMAK test matrices from the SPARSKIT2 collection, Yousef Saad, Univ. MN.",electromagnetics problem (4),300,5940,moderate (4–100×),square (4),unsymmetric (4),real (4),0,small; uniform observed types; moderate (4–100×),0.0,https://sparse.tamu.edu/TOKAMAK
TSOPF,27,"Transient stability-constrained optimal power flow, G. Geng, Zhejiang Univ.",power network problem (27),2454,120216,moderate (4–100×),square (27),unsymmetric (15); symmetric (12),real (27),0,some categorical mix; moderate (4–100×),0.148148,https://sparse.tamu.edu/TSOPF
Toledo,1,"Null space problem, computer graphics domain. Matrices from Sivan Toledo.",counter-example problem (1),68600,68600,one dimension,rectangular (1),rectangular (1),real (1),0,singleton; one dimension,0.0,https://sparse.tamu.edu/Toledo
Tromble,1,Finite-state machine model for natural language processing. Roy Tromble.,directed weighted graph (1),399130,399130,one dimension,square (1),unsymmetric (1),real (1),0,singleton; one dimension,0.0,https://sparse.tamu.edu/Tromble
UTEP,3,"Matrices from Lenka Dubcova, Jakub Cerveny, and Pavel Solin",2D/3D problem (3),16129,146689,moderate (4–100×),square (3),symmetric (3),real (3),3,small; uniform observed types; moderate (4–100×),0.0,https://sparse.tamu.edu/UTEP
Um,2,"FEM, electromagnetics, 2 cubes in a sphere. Evan Um, Geophysics, Stanford",electromagnetics problem (2),101492,259789,narrow (≤4×),square (2),symmetric (2),real (2),2,small; uniform observed types; narrow (≤4×),0.0,https://sparse.tamu.edu/Um
VDOL,91,"Optimal control problems, Vehicle Dynamics & Optimization Lab, UF",optimal control problem (91),99,18476,wide (>100×),square (91),symmetric (91),real (91),0,categorically uniform; wide (>100×),0.0,https://sparse.tamu.edu/VDOL
VLSI,14,VLSI: semiconductor device and process simulation,semiconductor device problem (8); semiconductor process problem (6),46994,11449533,wide (>100×),square (14),unsymmetric (14),real (14),0,some categorical mix; wide (>100×),0.142857,https://sparse.tamu.edu/VLSI
VanVelzen,10,"Chemical process simulation matrices from Nils van Velzen, VORtech Computing.",chemical process simulation problem (10),21982,22835,narrow (≤4×),square (10),unsymmetric (10),real (10),0,categorically uniform; narrow (≤4×),0.0,https://sparse.tamu.edu/VanVelzen
Vavasis,1,"Irregular finite-element matrix from Steve Vavasis, Cornell.",2D/3D problem (1),41092,41092,one dimension,square (1),unsymmetric (1),real (1),0,singleton; one dimension,0.0,https://sparse.tamu.edu/Vavasis
Wang,6,"3D semiconductor device, 2D incompressible flow. S. Wang, Univ. New South Wales.",semiconductor device problem (6),2903,26068,moderate (4–100×),square (6),unsymmetric (6),real (6),0,some categorical mix; moderate (4–100×),0.111111,https://sparse.tamu.edu/Wang
Watson,2,Chemical reaction simulation matrices from Layne Watson and Jingwei Zhang.,2D/3D problem (2),40401,112211,narrow (≤4×),square (2),unsymmetric (2),real (2),0,small; uniform observed types; narrow (≤4×),0.0,https://sparse.tamu.edu/Watson
Williams,7,Matrices used by S. Williams et al for sparse matrix multiplication on GPUs.,2D/3D problem (4); economic problem (1); weighted directed graph (1); weighted undirected graph (1),36417,1000005,moderate (4–100×),square (7),symmetric (4); unsymmetric (3),real (6); integer (1),3,high categorical mix; moderate (4–100×),0.309524,https://sparse.tamu.edu/Williams
Wissgott,1,"Parabolic FEM problem from Phillip Wissgott, TU Vienna.",computational fluid dynamics problem (1),525825,525825,one dimension,square (1),symmetric (1),real (1),1,singleton; one dimension,0.0,https://sparse.tamu.edu/Wissgott
YCheng,3,"Power system state simulation matrices Yunzhi Cheng, UT Arlington.",power network problem (3),14318,28634,narrow (≤4×),rectangular (3),rectangular (3),real (3),0,small; uniform observed types; narrow (≤4×),0.0,https://sparse.tamu.edu/YCheng
YZhou,1,"Circuit simulation problem, Y. Zhou, Carleton Univ, Canada",circuit simulation problem (1),1020,1020,one dimension,square (1),unsymmetric (1),real (1),0,singleton; one dimension,0.0,https://sparse.tamu.edu/YZhou
Yoshiyasu,2,"Image editting and mesh deformation problem from Y. Yoshiyasu, Keio Univ., Japan",computer graphics/vision problem (2),234023,240000,narrow (≤4×),rectangular (2),rectangular (2),real (2),0,small; uniform observed types; narrow (≤4×),0.0,https://sparse.tamu.edu/Yoshiyasu
Zaoui,1,"Optimal power flow, nonlinear optimization (KKT), Fabrice Zaoui, RTE, France",optimization problem (1),2063494,2063494,one dimension,square (1),symmetric (1),real (1),0,singleton; one dimension,0.0,https://sparse.tamu.edu/Zaoui
Zhao,2,"Reduced-order modeling, electromagnetics. A. Cangellaris and L. Zhao.",electromagnetics problem (2),33861,33861,one dimension,square (2),unsymmetric (2),real (2),0,small; uniform observed types; one dimension,0.0,https://sparse.tamu.edu/Zhao
Zitney,8,"Chemical engineering applications. S. Zitney, Cray Research.",chemical process simulation problem (8),1048,5308,moderate (4–100×),square (8),unsymmetric (8),real (8),0,some categorical mix; moderate (4–100×),0.041667,https://sparse.tamu.edu/Zitney
vanHeukelum,13,"DNA electrophoresis model. Alexander van Heukelum, Utrect Univ, The Netherlands.",directed weighted graph (13),5,5154859,wide (>100×),square (13),unsymmetric (13),real (13),0,categorically uniform; wide (>100×),0.0,https://sparse.tamu.edu/vanHeukelum
